{
    "init_keypoint_positions": [
        [
            -0.16255190852721996,
            -0.14719267307582912,
            0.99
        ],
        [
            -0.11460471947416598,
            -0.04506927170332369,
            0.996
        ],
        [
            -0.08722959729842943,
            0.04965377076987521,
            1.038
        ]
    ],
    "num_keypoints": 3,
    "num_stages": 2,
    "grasp_keypoints": [
        0,
        -1
    ],
    "release_keypoints": [
        -1,
        0
    ]
}