{
    "init_keypoint_positions": [
        [-0.1457058783982955, -0.47766187961876, 0.98],
        [-0.0144477656708159, 0.012521396914707113, 0.745],
        [0.14099338570298237, 0.5722672713826932, 1.283],
        [0.2693722882157947, -0.3018593983523729, 1.047],
        [0.43524427390119413, -0.04595746991503292, 0.6970000000000001]
    ],
    "num_keypoints": 5,
    "num_stages": 4,
    "grasp_keypoints": [1, -1, 2, -1],
    "release_keypoints": [-1, 1, -1, 2]
}