{
    "init_keypoint_positions": [
        [
            -0.023303890489168377,
            0.007324079868024347,
            0.515
        ],
        [
            0.05526997605614137,
            -0.15301056529226506,
            0.45
        ],
        [
            0.06335684623698731,
            -0.07103646396268275,
            0.495
        ]
    ],
    "num_keypoints": 3,
    "num_stages": 2,
    "grasp_keypoints": [
        1,
        -1
    ],
    "release_keypoints": [
        -1,
        -1
    ]
}