{
    "ee_action_seq": [
        [
            -0.22179973737632314,
            -0.1762604944318336,
            0.6028180186885587,
            -0.4845921688739878,
            -0.19583720417154005,
            -0.3778896189969159,
            0.7642104783256016,
            0.0
        ],
        [
            -0.20598405781950227,
            -0.12830327893294624,
            0.6028532477625443,
            -0.487228104018635,
            -0.19902000260581412,
            -0.3758186472145489,
            0.7627320352673108,
            0.0
        ],
        [
            -0.18985830202232257,
            -0.08046049188756202,
            0.6033416086105147,
            -0.4894615844530743,
            -0.20172380897612596,
            -0.3740499049589187,
            0.7614601308256876,
            0.0
        ],
        [
            -0.1734224699847841,
            -0.03273213329568091,
            0.6042831012324692,
            -0.4883839958221971,
            -0.2004158825737578,
            -0.3749058826036294,
            0.762076194239211,
            0.0
        ],
        [
            -0.15667656170688682,
            0.014881796842697081,
            0.605677725628408,
            -0.4845948411043521,
            -0.19583346421958048,
            -0.37789016865219205,
            0.7642094704351838,
            0.0
        ]
    ],
    "stage": 1
}