{
    "ee_action_seq": [
        [
            -0.04010281679464705,
            0.09251339542919128,
            0.7015339223448083,
            -0.530049931476466,
            -0.1527956510324889,
            -0.2397782564410525,
            0.7988785557927065,
            0.0
        ],
        [
            -3.932583368853465e-05,
            0.11547207079862028,
            0.732058972447691,
            -0.5288284380335573,
            -0.03607929866117983,
            -0.17201829946224861,
            0.8303303390730834,
            0.0
        ],
        [
            0.040024165127270014,
            0.13843074616804926,
            0.7625840225505734,
            -0.5174508867725163,
            0.08132995034141322,
            -0.10095476107694604,
            0.8458357731685842,
            0.0
        ],
        [
            0.08008765608822856,
            0.16138942153747832,
            0.7931090726534559,
            -0.49613578157877236,
            0.19717727184804057,
            -0.02795240413202556,
            0.8450970789246786,
            0.0
        ],
        [
            0.12015114704918711,
            0.1843480969069074,
            0.8236341227563384,
            -0.4652924753259192,
            0.3092378382762975,
            0.04558677385371545,
            0.8281284428353439,
            0.0
        ],
        [
            0.16021463801014568,
            0.2073067722763365,
            0.8541591728592208,
            -0.42551330832525197,
            0.41535954601388586,
            0.11825046580712055,
            0.7952557445939241,
            0.0
        ],
        [
            0.2002781289711043,
            0.23026544764576565,
            0.8846842229621034,
            -0.3775622325335113,
            0.5135043461927273,
            0.18864317821142287,
            0.7471102986305194,
            0.0
        ],
        [
            0.24034161993206293,
            0.2532241230151948,
            0.9152092730649857,
            -0.32236013998894175,
            0.6017873850616282,
            0.25541303131557935,
            0.684616729828584,
            0.0
        ]
    ],
    "stage": 1
}