{
    "ee_action_seq": [
        [
            -0.26102031683665194,
            -0.15362496448883312,
            0.5136793682000149,
            -0.48704833553431454,
            -0.24184894097047252,
            -0.3852297064132817,
            0.745581036441681,
            0.0
        ],
        [
            -0.2624491608043841,
            -0.11888110121831331,
            0.5283410083383459,
            -0.46716108056925915,
            -0.035178822643030544,
            -0.304992389392803,
            0.8291577760904623,
            0.0
        ],
        [
            -0.26155925966206667,
            -0.0843417061895568,
            0.5425071600570601,
            -0.4184690115133857,
            0.18403997758180213,
            -0.20257805505340903,
            0.8660110303370724,
            0.0
        ],
        [
            -0.2583506134096996,
            -0.05000677940256358,
            0.5561778233561576,
            -0.3487166038079376,
            0.3780723660062672,
            -0.0951453898042319,
            0.8522941810725225,
            0.0
        ],
        [
            -0.252823222047283,
            -0.015876320857333672,
            0.5693529982356383,
            -0.2766114842546033,
            0.5187836473258128,
            -0.0036073530198542855,
            0.8089107497431235,
            0.0
        ],
        [
            -0.24497708557481684,
            0.018049669446132927,
            0.5820326846955024,
            -0.22145601449109598,
            0.5980034402325956,
            0.05726957314492959,
            0.7681596937535174,
            0.0
        ],
        [
            -0.23481220399230107,
            0.05177119150783627,
            0.5942168827357497,
            -0.1747935315573086,
            0.6514292854231931,
            0.10441335297827525,
            0.7308795790953434,
            0.0
        ]
    ],
    "stage": 1
}