{
    "ee_action_seq": [
        [
            -0.2515656170654891,
            0.009293470943601279,
            0.5680932189944199,
            -0.48240298473191945,
            -0.13733933630197706,
            -0.2755240868798899,
            0.8200681341052527,
            0.0
        ],
        [
            -0.23481221266299435,
            0.051771237147346216,
            0.5942168941097554,
            -0.48240255553993694,
            -0.1373390106028661,
            -0.2755241320060948,
            0.820068425960573,
            0.0
        ]
    ],
    "stage": 2
}