{
    "ee_action_seq": [
        [
            -0.3070183397296929,
            -0.004484249992030565,
            0.7569813867657287,
            -0.48123267457911567,
            -0.013031720516602036,
            -0.22740562518416363,
            0.8464821136990478,
            0.0
        ],
        [
            -0.32548446493444877,
            -0.0005737349072715103,
            0.8122505239742398,
            -0.4818980321320374,
            -0.014259101536460102,
            -0.2270608327745861,
            0.8461763072022014,
            0.0
        ],
        [
            -0.3385179646816043,
            0.007893220576813824,
            0.8664325526369506,
            -0.48262631612284596,
            -0.01560474178775099,
            -0.22668227261248405,
            0.845838919832061,
            0.0
        ],
        [
            -0.3461188389711595,
            0.020916616460225437,
            0.9195274727538608,
            -0.48306365589469336,
            -0.01641387799910256,
            -0.22645424167203002,
            0.8456350071936649,
            0.0
        ],
        [
            -0.34828708780311457,
            0.03849645274296332,
            0.9715352843249707,
            -0.48287107368355187,
            -0.016057378287388065,
            -0.22655432934938682,
            0.845725027804711,
            0.0
        ],
        [
            -0.3450227111774693,
            0.06063272942502748,
            1.02245598735028,
            -0.48209865110735506,
            -0.01462930803107213,
            -0.22695569027790544,
            0.8460839134491803,
            0.0
        ],
        [
            -0.33632570909422377,
            0.08732544650641794,
            1.0722895818297893,
            -0.4812323543669461,
            -0.013030731925829169,
            -0.22740420393308206,
            0.8464826927761042,
            0.0
        ]
    ],
    "stage": 2
}